Player,Team,POS,ATT,RUSH_YDS,RUSH_TDS,REC,REC_YDS,REC_TDS,FL,FPTS
Saquon Barkley,PHI,RB1,327.8,1661.5,10.8,41.9,318.2,2.2,1.4,273.1
Bijan Robinson,ATL,RB2,299.3,1401.2,11.3,56.9,428.2,2.1,1.4,260.6
Jahmyr Gibbs,DET,RB3,239.9,1239.5,11.7,57.7,508.8,2.8,1.3,258.9
Derrick Henry,BAL,RB4,295.2,1508.5,13.3,16.4,153.1,0.9,1.4,248.4
Ja'Marr Chase,CIN,WR1,1.6,12.7,0,120.7,1577.6,12.2,0.6,231.2
Christian McCaffrey,SF,RB5,233.2,1062.6,7.9,65.1,570.1,3.6,1.8,228.4
Josh Jacobs,GB,RB6,284.2,1211.8,11.3,38.1,316,1.5,1.5,226.1
De'Von Achane,MIA,RB7,218.6,1014.8,7.6,69.1,510.8,4.1,1.3,220.2
Ashton Jeanty,LV,RB8,273,1204,9,46.3,366.3,1.9,2.4,217.4
Jonathan Taylor,IND,RB9,297.7,1359.2,9.6,25.7,194.4,1.1,1.6,216.5
Kyren Williams,LAR,RB10,275.7,1192.4,11.2,33.7,213.8,1.7,2.3,213
Justin Jefferson,MIN,WR2,0.5,2.2,0,106.4,1478.7,9.7,0.6,205.1
Bucky Irving,TB,RB11,234.7,1110.7,8.3,44.4,343.3,1.7,1.4,202.5
Chase Brown,CIN,RB12,234.6,984,7.8,54,377.5,2.7,1.4,196.3
James Cook,BUF,RB13,222,1049.7,9.5,31.4,258.5,1.9,1.4,196.1
CeeDee Lamb,DAL,WR3,9.2,59.4,0.3,111.7,1391.5,8,1,193
Puka Nacua,LAR,WR4,10.7,61.4,0.6,105.7,1374.1,7,0.6,187.7
Nico Collins,HOU,WR5,0,1.6,0,92,1313.4,8.9,0.5,183.5
Malik Nabers,NYG,WR6,2.6,12.2,0,106.6,1338.2,8.2,0.6,183.3
James Conner,ARI,RB14,213.9,971.1,7.8,41.2,314.9,1.7,1.4,182.6
Breece Hall,NYJ,RB15,224.5,1000,5.9,46.7,383.8,2.1,1.9,182.6
Kenneth Walker III,SEA,RB16,234.8,968.3,8.2,43.3,309.2,1.3,1.3,182
Brian Thomas Jr.,JAC,WR7,3.8,25.1,0,91.6,1285.4,8.6,0.6,181.4
Amon-Ra St. Brown,DET,WR8,1.9,12.6,0.1,110.4,1267.6,9.1,0.9,180.8
Alvin Kamara,NO,RB17,215.5,903.5,5.1,63,475.6,2,1.3,178
Omarion Hampton,LAC,RB18,213,938.2,8.3,36.4,281.4,1.6,2.1,177
Chuba Hubbard,CAR,RB19,229.8,1031.9,7.6,37.8,229.8,1.1,1.8,174.3
A.J. Brown,PHI,WR9,0,0,0,84.8,1244.6,8.4,0.9,172.8
Tyreek Hill,MIA,WR10,7.2,40.3,0.1,94.2,1184.5,7.7,0.6,168.5
Drake London,ATL,WR11,0.3,2,0,94.5,1204.7,7.9,0.6,167.1
D'Andre Swift,CHI,RB20,238.7,967.1,6.1,36.7,283,1.2,1.1,167
Ladd McConkey,LAC,WR12,0,1.4,0,91.3,1219,7.4,0.7,165.2
David Montgomery,DET,RB21,196.6,819,8.9,31.4,258.5,0.9,1,164.5
Mike Evans,TB,WR13,0,0,0,79.2,1063.4,9.9,0.5,164.5
Tee Higgins,CIN,WR14,0,0,0,86.6,1093.9,8.9,0.9,161.1
Aaron Jones Sr.,MIN,RB22,201.6,903.1,4.6,44.3,327.8,2.2,1.8,160.4
Terry McLaurin,WAS,WR15,1.1,4.8,0,83.6,1115.2,8.2,0.9,159.7
Davante Adams,LAR,WR16,0.3,0,0,85.4,1101.6,8.3,0.5,159.2
Joe Mixon,HOU,RB23,206.7,822.4,7.5,33.4,258.6,1.3,0.9,159.2
Tony Pollard,TEN,RB24,227.5,958.5,5.4,40.2,257.9,0.9,1,157.2
TreVeyon Henderson,NE,RB25,202.4,891.8,5.7,33.3,258.5,1.5,1.7,154.8
Marvin Harrison Jr.,ARI,WR17,0,3.2,0,79.6,1098.9,7.7,1,154.5
DK Metcalf,PIT,WR18,0,1.2,0,76.8,1128.9,7.3,1.3,154
Jaxon Smith-Njigba,SEA,WR19,2.6,17.7,0,94.9,1112,6.6,0.6,151.6
Brock Bowers,LV,TE1,0,8,0,106,1131.4,6.1,0.5,149.7
George Kittle,SF,TE2,0,0,0,76.1,1037.1,7.5,0.5,147.6
Brian Robinson Jr.,WAS,RB26,196.7,809.6,7.3,23.4,175.7,1,1.4,145.6
Kaleb Johnson,PIT,RB27,202.7,858.1,6.6,23.2,178.1,1,1.7,145.6
Xavier Worthy,KC,WR20,15.7,84.6,1.5,70.5,864.2,7.1,0.5,145.6
Zay Flowers,BAL,WR21,8.2,48.4,0.1,74.9,1028.7,6.3,0.5,145.2
Isiah Pacheco,KC,RB28,203.7,838.2,5.7,32.9,222.6,1,1,144.6
Garrett Wilson,NYJ,WR22,1.9,13.5,0,91.7,1095.9,6,1.3,144.5
Courtland Sutton,DEN,WR23,0,0.2,0,76.7,1016.3,7.4,0.9,144.3
DJ Moore,CHI,WR24,9.5,54,0.1,86.7,1007.6,6.3,0.9,142.7
Calvin Ridley,TEN,WR25,5.6,33.4,0.3,70.1,1027,6,0.9,141.9
Jameson Williams,DET,WR26,7.4,63.4,0.8,60.4,958.2,6,0.5,141.6
RJ Harvey,DEN,RB29,174,761.6,5.2,33.6,257.3,1.6,1,140.9
Trey McBride,ARI,TE3,0,1.5,0,104.4,1053.2,5.8,0.5,139.4
Tyrone Tracy Jr.,NYG,RB30,188.6,801.6,5,35.2,259.4,1.1,1.6,139.1
DeVonta Smith,PHI,WR27,0.3,1.2,0,81.2,977.6,6.8,0.5,137.7
George Pickens,DAL,WR28,1,6.2,0,68.4,999.9,6.4,0.9,137.1
Jerry Jeudy,CLE,WR29,0.3,4.8,0,80.9,1088.1,4.1,0.6,132.7
Deebo Samuel Sr.,WAS,WR30,30.1,127.9,1.2,65.1,834.4,5.1,1,132.2
Jaylen Warren,PIT,RB31,148.8,677.1,3.8,47.1,343.1,1.1,1,129
Jakobi Meyers,LV,WR31,1.2,8.9,0,82.4,966.3,5.3,0.5,128.5
Jaylen Waddle,MIA,WR32,2.5,15.9,0.1,75.5,965.1,4.9,0.5,126.6
Jauan Jennings,SF,WR33,3.6,15.7,0.1,70.1,924.4,5.5,0.6,126.3
Jayden Reed,GB,WR34,11.8,93.7,0.7,58.6,783.8,5.7,0.9,124.7
Matthew Golden,GB,WR35,0.7,11.8,0,61.4,867.6,6,0.8,122.2
Travis Hunter,JAC,WR36,3.8,21.8,0.1,68.3,883.1,5.2,0.8,120.7
Tetairoa McMillan,CAR,WR37,0.5,7.4,0,70.3,907.2,5.3,1.2,120.7
Chris Godwin,TB,WR38,1.2,6.9,0,75,862.2,5.6,0.6,119.6
Rome Odunze,CHI,WR39,1.3,8,0,65.6,880.3,5.4,0.9,119.2
J.K. Dobbins,DEN,RB32,148.4,657.8,4.9,29.2,187.9,1.2,1.2,118.9
Keon Coleman,BUF,WR40,0.3,3.8,0,52.4,822.5,6.1,0.5,118.3
Chris Olave,NO,WR41,0.3,2.8,0,75.6,935.9,4.4,1.3,117.6
Javonte Williams,DAL,RB33,174.9,645.7,4.2,35.9,229.1,1.1,0.9,117.4
Mark Andrews,BAL,TE4,0,2,0,59.9,721,7.8,0.8,117.3
Rashee Rice,KC,WR42,1.1,4.3,0,70.4,821,5.9,0.6,116.8
Stefon Diggs,NE,WR43,1.3,6.9,0.2,77.4,850.5,5.1,0.5,116.8
Jordan Mason,MIN,RB34,160.4,739.8,4.4,17.4,127.1,0.7,0.7,116.3
Sam LaPorta,DET,TE5,0,0,0,67.9,763.9,6.7,0.4,115.6
Ricky Pearsall,SF,WR44,7,50,0.3,58.2,789.9,5,0.6,114.6
Cooper Kupp,SEA,WR45,1.3,8.9,0,73.3,818.5,5.4,0.6,113.9
Rashid Shaheed,NO,WR46,7.3,44.5,0.1,56.4,846,4.4,1.3,113.8
Rhamondre Stevenson,NE,RB35,156.7,636.8,4.8,28,177.2,1.1,1.5,113.5
Travis Etienne Jr.,JAC,RB36,141.1,577.1,3.7,37.6,277.5,1.2,0.9,112.6
Darnell Mooney,ATL,WR47,0,1.2,0,60.4,844.3,4.8,0.5,112.5
Jordan Addison,MIN,WR48,0.9,8.9,0.2,58.7,762.3,5.8,0.4,112.4
Austin Ekeler,WAS,RB37,95.3,414.8,4.1,44.9,367,1.8,1,111.2
Khalil Shakir,BUF,WR49,0.3,3,0,71.7,812.5,4.9,0.6,109.9
Zach Charbonnet,SEA,RB38,126.7,536,4.5,33.2,244.8,0.9,0.8,108.8
Quinshon Judkins,CLE,RB39,151.9,641.5,4,22.4,169.7,0.9,1.2,108.2
Michael Pittman Jr.,IND,WR50,0,1.8,0,71.9,852.5,4,0.9,107.3
T.J. Hockenson,MIN,TE6,0,0,0,76.3,799.1,4.6,0.5,106.6
Marvin Mims Jr.,DEN,WR51,11.9,49.4,0.1,51.2,696.5,5.4,0.6,106.5
Travis Kelce,KC,TE7,0,0.5,0,80.8,760.3,5.3,0.9,106
Najee Harris,LAC,RB40,141.4,567.3,5,22,159.2,0.8,0.8,105.7
Rashod Bateman,BAL,WR52,0,0.6,0,45.5,691.5,5.5,0.1,102.3
Rachaad White,TB,RB41,114.5,462.5,2.8,37.6,282.8,2.1,1.3,101.7
Tyjae Spears,TEN,RB42,124.6,498.2,3.7,33.6,251.9,1,0.9,101.3
David Njoku,CLE,TE8,0,0,0,76.6,736.1,4.8,0.8,101.1
Cam Skattebo,NYG,RB43,129.4,555.6,3.6,24.8,190.6,0.9,1.2,99.3
Josh Downs,IND,WR53,0.3,5.6,0,63.3,737.3,4.3,0.5,98.9
Keenan Allen,LAC,WR54,0.5,2.7,0,58.6,684,5.1,0.6,98.2
Tank Bigsby,JAC,RB44,151.8,612.8,5,11.2,81.1,0.2,1.2,98.1
Trey Benson,ARI,RB45,138.1,600.5,3.9,13.9,104.7,0.5,0.9,95.5
Brandon Aiyuk,SF,WR55,0,1.7,0,48.6,734.8,3.6,0.4,94.3
Marquise Brown,KC,WR56,0.3,2,0,55,667.4,4.4,0.2,93.2
Tucker Kraft,GB,TE9,0,0,0,55.2,652.8,4.8,0.8,92.5
Adam Thielen,CAR,WR57,0,1.8,0,61.8,657.7,4.5,0.5,91.7
Cedric Tillman,CLE,WR58,0.7,0.8,0,55.7,696.3,3.9,0.9,91.2
Jerome Ford,CLE,RB46,120,511.5,2.8,28.4,193.5,0.9,0.8,90.9
Emeka Egbuka,TB,WR59,2.2,11.1,0,49.1,635.1,4.4,1.1,89.3
Tyler Warren,IND,TE10,0,5.5,0,57.9,647.4,4.3,1.1,88.6
Ray Davis,BUF,RB47,118.8,499.5,3.7,12.4,105.5,1,0.8,87.1
Xavier Legette,CAR,WR60,6.2,29,0.1,54.4,613.2,3.9,0.5,87
Jayden Higgins,HOU,WR61,0.7,2.5,0,47.7,629.5,4,0.5,86.2
Dylan Sampson,CLE,RB48,118.7,480.9,2.7,23.3,178.9,0.9,0.8,85.8
Dallas Goedert,PHI,TE11,0,0,0,57.2,633.4,3.9,0.5,85.8
Christian Kirk,HOU,WR62,0.7,4,0,50.6,649.4,3.5,0.8,84.7
Zach Ertz,WAS,TE12,0,0,0,58.1,539.4,5.1,0.1,84.2
Dalton Kincaid,BUF,TE13,0,0,0,57.1,603.2,4,0.5,83.6
Evan Engram,DEN,TE14,0,0,0,69.1,614.2,4,0.9,83.4
Jaydon Blue,DAL,RB49,109.2,476.9,2.9,19.3,150.7,0.8,0.8,83.2
Kyle Pitts Sr.,ATL,TE15,0,0,0,47.8,602.4,3.8,0.1,83.2
Tyler Allgeier,ATL,RB50,117.3,540.8,3.2,12.7,92.3,0.3,0.8,83.1
Jake Ferguson,DAL,TE16,0,0,0,67.7,621.1,3.8,1.2,82.5
Romeo Doubs,GB,WR63,0,0.5,0,45.2,575.2,4.3,0.5,82.3
Nick Chubb,HOU,RB51,118.9,484.3,3.8,9.9,75.6,0.7,0.5,82
Isaac Guerendo,SF,RB52,113.1,488.7,3.9,10.6,93.2,0.4,0.9,81.9
Wan'Dale Robinson,NYG,WR64,2,15.6,0,69.1,622,3.1,0.5,81.6
Rico Dowdle,CAR,RB53,107.3,459.1,2.6,20.9,143,1.1,0.8,80.9
Tre' Harris,LAC,WR65,0.7,3.8,0,44.2,587.3,3.7,0.7,80.1
Luther Burden III,CHI,WR66,3.7,27.4,0.4,47,570,3.4,1.1,79.9
Quentin Johnston,LAC,WR67,1.7,7.2,0,39.9,520.6,4.6,0.4,79.8
Joshua Palmer,BUF,WR68,0,0.5,0,42,577,3.5,0.1,78.7
Roschon Johnson,CHI,RB54,96.6,346.6,5,19,123.9,0.5,0.4,78.7
Hunter Henry,NE,TE17,0,0,0,55.4,574.6,3.6,0.4,78.5
Tyler Lockett,TEN,WR69,0,0,0,49.6,578.7,3.5,0.1,78.5
Darren Waller,MIA,TE18,0,0,0,52.6,579.5,3.4,0.1,77.9
Isaiah Likely,BAL,TE19,0,0,0,41.4,495.5,4.8,0.7,77
Jonnu Smith,PIT,TE20,0,1.5,0,52.2,544.5,4,0.9,76.7
Colston Loveland,CHI,TE21,0,0,0,52.8,554,3.8,0.8,76.5
Michael Wilson,ARI,WR70,1.9,8.9,0.1,43.8,525,3.9,0.5,76.4
Cade Otton,TB,TE22,0,0,0,52.3,532.3,4,0.5,76
DeMario Douglas,NE,WR71,2.1,15.7,0,54.6,575.3,2.8,0.2,75.7
Calvin Austin III,PIT,WR72,2.3,11.8,0.1,39.3,539.2,3.4,0.5,74.7
Jaylen Wright,MIA,RB55,117.5,478.7,2.9,13.1,90.5,0.6,1.5,74.4
Jack Bech,LV,WR73,1,4.7,0,45.9,574.4,2.9,0.8,74.1
Brenton Strange,JAC,TE23,0,0,0,55.2,546.2,3.3,0.5,73.3
Bhayshul Tuten,JAC,RB56,91.9,398,2.7,17.5,137.4,0.8,0.8,73.2
Mike Gesicki,CIN,TE24,0,0,0,52.8,518.3,3.6,0.4,72.7
Alec Pierce,IND,WR74,0,0,0,29.3,529.2,3.3,0.1,72.6
Jalen McMillan,TB,WR75,2.3,18.7,0,36,450.9,4.3,0.5,71.9
Braelon Allen,NYJ,RB57,100.5,390.9,2.7,16.6,123.1,0.8,0.4,71.9
Dyami Brown,JAC,WR76,0,3.7,0,41.1,522.1,3.1,0.2,70.6
Chig Okonkwo,TEN,TE25,0,3,0,53.8,537.2,2.9,0.8,69.9
Dalton Schultz,HOU,TE26,0,0,0,49.9,516.6,3.1,0.4,69.6
Juwan Johnson,NO,TE27,0,0,0,48.9,501,3.3,0.2,69.5
MarShawn Lloyd,GB,RB58,105.6,381.4,2.9,13.8,110.2,0.7,0.8,69.4
Diontae Johnson,CLE,WR77,0,2.3,0,43.1,533.4,2.8,0.7,68.8
Pat Freiermuth,PIT,TE28,0,0,0,51.2,493.6,3.5,0.9,68.7
Kareem Hunt,KC,RB59,82.4,314.4,3.3,18.2,124.3,0.7,0.1,68
Kyle Williams,NE,WR78,2.1,13.3,0,38.8,492.5,2.9,0.4,67.3
Tutu Atwell,LAR,WR79,4.3,20.2,0.1,39.1,498,2.2,0.1,65.3
Darius Slayton,NYG,WR80,1.4,6.1,0,34.1,502,2.4,0.2,65.2
DeAndre Hopkins,BAL,WR81,0,0.5,0,32,416.4,3.9,0.1,64.9
Miles Sanders,DAL,RB60,93.9,404.7,2.3,12,77.4,0.6,0.5,64.6
Kendre Miller,NO,RB61,95,365.9,3.4,9.7,72.6,0.2,0.4,64.5
Tyler Higbee,LAR,TE29,0,0,0,45.3,425.3,3.7,0.1,64.4
Nick Westbrook-Ikhine,MIA,WR82,0,1.3,0,31.2,423.4,3.7,0.1,64.3
Theo Johnson,NYG,TE30,0,0,0,43.1,470,2.7,0.1,63
Jalen Tolbert,DAL,WR83,0,0,0,34.3,408.5,3.5,0.1,61.7
Brandin Cooks,NO,WR84,1.7,3.8,0,37.4,431.6,2.9,0.1,60.7
Elijah Arroyo,SEA,TE31,0,0,0,41.1,436,2.9,0.4,60.1
Ray-Ray McCloud III,ATL,WR85,7.8,53.1,0.2,39.7,426.2,2.3,1.2,60.1
Raheem Mostert,LV,RB62,77.5,289.9,2.6,18.1,133.8,0.6,0.8,60
Josh Reynolds,NYJ,WR86,0,0,0,33.4,435,2.7,0.1,59.6
Blake Corum,LAR,RB63,96.3,350.7,2.4,12,87.4,0.3,0.4,59.5
Mason Taylor,NYJ,TE32,0,0,0,44.5,449.6,2.6,0.5,59.4
Jalen Nailor,MIN,WR87,1.8,7.1,0,27.9,372.7,3.4,0.4,57.7
Tre Tucker,LV,WR88,5.6,31.5,0.3,30.1,388.5,2.3,0.1,57.6
Justice Hill,BAL,RB64,41.8,185.1,1.1,27.3,222.3,1.7,0.4,56.6
Woody Marks,HOU,RB65,72.3,259.1,1.8,20,146.4,1,0.1,56.6
Andrei Iosivas,CIN,WR89,0,0,0,30.4,363.4,3.4,0.1,56.6
Marquez Valdes-Scantling,SEA,WR90,2.6,10,0.1,24.3,402.8,2.4,0,55.7
Jordan Whittington,LAR,WR91,1.1,13.9,0,34.1,397.8,2.4,0.1,55.6
Jalen Coker,CAR,WR92,0,2.3,0,32.9,428.7,2.1,0.1,55.5
Tory Horton,SEA,WR93,1,8.7,0,33.5,426.7,2.1,0.7,54.4
Allen Lazard,NYJ,WR94,0,0,0,29.9,382.9,2.7,0.1,54.2
Keaton Mitchell,BAL,RB66,75.6,330,1.7,8.6,83.4,0.5,0,54.1
Samaje Perine,CIN,RB67,51.2,200.4,1.5,21.2,195.7,1.1,0.7,53.5
Dont'e Thornton Jr.,LV,WR95,0,3,0,29.1,393.3,2.3,0.1,53
Dontayvion Wicks,GB,WR96,0,1.3,0,27.5,346.4,3,0,52.8
Pat Bryant,DEN,WR97,0,0,0,30.7,375.6,2.6,0.1,52.7
Will Dissly,LAC,TE33,0,0,0,37.8,369.9,2.5,0,51.9
Adonai Mitchell,IND,WR98,2.5,11.5,0.1,26.6,368.6,2.3,0.2,51.9
Khalil Herbert,IND,RB68,84.6,325,2.1,8.3,54,0.2,0,51.8
Noah Brown,WAS,WR99,0,0,0,31.4,404.7,1.9,0.1,51.7
Ty Johnson,BUF,RB69,45.7,208.1,1,15.2,165.1,1.5,0.1,51.6
Christian Watson,GB,WR100,4.3,17,0,19.9,366.6,2.3,0.4,51.6
Noah Fant,CIN,TE34,0,0,0,36.2,370.6,2.4,0.1,51.6
Ja'Tavion Sanders,CAR,TE35,0,0,0,38.5,388.4,2.1,0.1,51.1
Russell Gage Jr.,SF,WR101,0,0,0,31.4,360.9,2.5,0,51
Troy Franklin,DEN,WR102,1.1,5.8,0,27.2,342.5,2.7,0.1,50.9
Tyler Conklin,LAC,TE36,0,0,0,36.4,352.2,2.5,0.1,49.8
Jaylin Noel,HOU,WR103,0,13,0,27.2,326.9,2.3,0.1,47.6
Elic Ayomanor,TEN,WR104,0,7.5,0,28.6,336.3,2.2,0.1,47.4
K.J. Osborn,WAS,WR105,0,0,0,28.7,318.5,2.5,0,46.9
Curtis Samuel,BUF,WR106,6.6,29.3,0.1,27,271.5,2.5,0.1,45.4
AJ Barner,SEA,TE37,0,0,0,32.4,302.7,2.4,0.1,44.3
Anthony Miller,BAL,WR107,0,0,0,25.3,289.4,2.5,0,44.1
Jarquez Hunter,LAR,RB70,57.1,245,1.9,8.5,69,0.4,0.7,43.9
Noah Gray,KC,TE38,0,0,0,28.2,284.8,2.6,0,43.8
Antonio Gibson,NE,RB71,51.5,209.5,1,15.8,127.1,0.5,0,42.4
Elijah Mitchell,KC,RB72,62.5,235.9,1.9,8.5,49,0.4,0.1,42.1
Kayshon Boutte,NE,WR108,0,0,0,22.5,301.5,2,0,41.9
Greg Dortch,ARI,WR109,4.8,30.6,0.1,27.1,269.3,2,0.4,41.8
Cole Kmet,CHI,TE39,0,0,0,30,288.6,2.3,0.4,41.7
Van Jefferson,TEN,WR110,0,0,0,23.5,300.4,1.9,0.1,41
Ja'Lynn Polk,NE,WR111,0,0,0,24.7,299,1.8,0,40.8
Malik Washington,MIA,WR112,2,13.8,0.1,27.5,289.1,1.8,0.6,40.5
Devaughn Vele,DEN,WR113,0,1.7,0,24.9,275.3,2.1,0.1,40.1
Devin Singletary,NYG,RB73,51.8,234.9,1.5,9.4,63.3,0.1,0.4,39
Roman Wilson,PIT,WR114,0,0,0,21.8,276.7,1.9,0.1,39
Trevor Etienne,CAR,RB74,47.8,191.3,1.5,10.7,86.8,0.4,0.4,38.3
Tahj Brooks,CIN,RB75,24.9,225.4,1.9,6.7,48.2,0.1,0.6,38
KaVontae Turpin,DAL,WR115,8.5,58.6,0.5,17.2,218.9,1.4,0.7,37.8
Parker Washington,JAC,WR116,0,8.5,0,25.7,276.7,1.6,0.1,37.8
Kenneth Gainwell,PIT,RB76,53.9,196.5,1.3,12.5,88.6,0.4,0.4,37.7
Tim Patrick,DET,WR117,0,0,0,20.5,258.2,2,0.1,37.6
Foster Moreau,NO,TE40,0,0,0,23,259.9,1.9,0.1,37.2
Will Shipley,PHI,RB77,37.4,199.4,1.3,8.3,61.8,0.4,0.1,36.2
Sean Tucker,TB,RB78,44.8,231.4,1.4,5.1,40.1,0.3,0.7,36.1
Demarcus Robinson,SF,WR118,0,1,0,15.3,241.6,2,0.1,36.1
Devin Neal,NO,RB79,38.8,204.6,1.3,7.3,54.5,0.4,0.1,35.9
Jermaine Burton,CIN,WR119,0,2,0,18.1,239.8,2,0.1,35.7
Austin Hooper,NE,TE41,0,0,0,26.8,264,1.7,0.4,35.7
Emanuel Wilson,GB,RB80,41.9,202.7,1.4,7.4,53.9,0.4,0.3,35.6
Dawson Knox,BUF,TE42,0,0,0,21.9,238,1.9,0,35.3
Michael Mayer,LV,TE43,0,0,0,27.7,257.3,1.6,0.1,35.2
Skyy Moore,KC,WR120,0,0,0,22.2,252.7,1.7,0,35.2
Chimere Dike,TEN,WR121,2.1,8.9,0,18.9,246,1.6,0.1,35.1
Kyle Monangai,CHI,RB81,33.4,213,1.8,4.4,31.6,0,0,35
Jaleel McLaughlin,DEN,RB82,30.5,142.6,0.8,18.2,110.3,0.9,0.5,34.3
Terrance Ferguson,LAR,TE44,0,0,0,23,235.5,1.9,0.4,34.1
Zamir White,LV,RB83,56.1,190.2,1.1,8.6,61.7,0.3,0,33.6
Robbie Ouzts,SEA,TE45,0,0,0,25.5,247,1.5,0.5,32.9
A.J. Dillon,PHI,RB84,50.1,199.1,1.6,3.6,28.6,0.1,0,32.7
Tai Felton,MIN,WR122,0,3.7,0,18.3,221.1,1.7,0,32.6
Harold Fannin Jr.,CLE,TE46,0,0,0,23.7,234.3,1.2,0.4,30
Tyler Johnson,NYJ,WR123,0,0,0,19.7,207.4,1.5,0,29.9
Ben Sinnott,WAS,TE47,0,0,0,20.3,199.2,1.6,0.1,29.5
JuJu Smith-Schuster,KC,WR124,0,0,0,19.6,206.8,1.5,0.1,29.3
Luke McCaffrey,WAS,WR125,0,1,0,19.4,203.1,1.5,0.1,29
Josh Oliver,MIN,TE48,0,0,0,18.2,192.7,1.5,0.1,28.4
Robert Woods,PIT,WR126,0,0,0,20.1,211.3,1.2,0.1,28.4
Jacory Croskey-Merritt,WAS,RB85,33,169.7,1.4,3.7,27.3,0.1,0,28.3
Tommy Tremble,CAR,TE49,0,0,0,19.2,185.4,1.7,0.4,28
DJ Giddens,IND,RB86,24.1,157.7,1.2,5.8,44.6,0.1,0,27.6
Jalen Royals,KC,WR127,0,2.5,0,15.7,188.1,1.4,0,27.4
Luke Musgrave,GB,TE50,0,0,0,19.1,186.4,1.4,0,27.1
Kendrick Bourne,NE,WR128,1.1,6.8,0,17.7,199.8,1.1,0.1,27
A.T. Perry,DEN,WR129,0,0,0,13.7,180.5,1.5,0,26.9
Brock Wright,DET,TE51,0,0,0,15,134.8,2.2,0,26.4
Jordan James,SF,RB87,26.9,154.8,1.3,3.3,29.5,0,0,26.1
Zay Jones,ARI,WR130,0,2,0,16.8,179.7,1.3,0.1,25.6
Brashard Smith,KC,RB88,9.7,97,0.7,10.9,80.3,0.7,0,25.5
Oronde Gadsden II,LAC,TE52,0,0,0,16.5,168.9,1.4,0,25.1
Audric Estime,DEN,RB89,45.5,148.6,0.9,5.8,40.1,0.2,0.4,25.1
Amar Johnson,GB,RB90,35,164,1,2,26,0,0,25
Jahan Dotson,PHI,WR131,0,1.7,0,15.4,178.4,1.1,0,24.8
Taysom Hill,NO,TE53,0,50,1,12.3,104.7,0.7,0.3,24.8
Kalif Raymond,DET,WR132,0,4,0,14.7,182.5,1.2,0.6,24.6
Bub Means,NO,WR133,0.7,4,0,15.1,188.6,1,0.3,24.4
Kyle Juszczyk,SF,RB91,6.7,26.8,0.4,14.1,136.3,1.1,0.4,24.2
Isaiah Davis,NYJ,RB92,28.3,144.5,0.8,5.1,36.3,0.1,0,23.7
Elijah Moore,BUF,WR134,0,1.3,0,14.5,159.6,1.2,0,23.4
Jeremy Ruckert,NYJ,TE54,0,0,0,18.7,161.4,1.2,0,23.4
Chris Brooks,GB,RB93,30.9,139.4,0.9,5.3,34.5,0,0,23.2
Jalin Hyatt,NYG,WR135,0,0,0,13.1,173.9,0.9,0,22.8
Isaac TeSlaa,DET,WR136,0,0,0,10.7,155.2,1.1,0,22.3
Clyde Edwards-Helaire,NO,RB94,41.5,126.7,0.6,5.7,42.7,0.3,0.1,22.1
Malachi Corley,NYJ,WR137,2.3,13.5,0.1,13.8,147,0.9,0.1,21.9
Adam Trautman,DEN,TE55,0,0,0,12.6,136.7,1.4,0,21.8
Ollie Gordon II,MIA,RB95,36.2,126.1,1.1,3.5,26.9,0.1,0.4,21.5
Xavier Hutchinson,HOU,WR138,0,0,0,14,152.6,1,0,21.1
Gunnar Helm,TEN,TE56,0,0,0,16.4,163.3,0.9,0.4,20.9
Luke Schoonmaker,DAL,TE57,0,0,0,14.9,134.3,1.2,0,20.3
Brevin Jordan,HOU,TE58,0,0,0,12.6,137.8,1.1,0,20.2
Kimani Vidal,LAC,RB96,35.4,105.4,0.6,5.4,41,0.3,0,20
Josh Whyle,TEN,TE59,0,0,0,16.7,152.9,0.7,0,19.5
Cade Stover,HOU,TE60,0,0,0,14.4,137,1,0,19.4
Charlie Woerner,ATL,TE61,0,0,0,14,131.2,1,0,19.2
Sincere McCormick,LV,RB97,23.7,112.9,0.8,4.3,29.9,0.1,0.1,19.2
Michael Gallup,WAS,WR139,0,0,0,11.6,130.8,1,0,19.2
Emari Demercado,ARI,RB98,18.7,106.3,0.4,8.1,54,0.1,0,19.1
Chris Rodriguez Jr.,WAS,RB99,33,121.8,0.9,1.6,11.9,0,0,19.1
Jake Bobo,SEA,WR140,0,0,0,11.8,138.3,0.9,0,19
Jaylin Lane,WAS,WR141,2.2,13.5,0.1,10.4,120,0.8,0.1,18.7
Daniel Bellinger,NYG,TE62,0,0,0,14.9,137.3,0.8,0,18.6
Irvin Charles,NYJ,WR142,0,0,0,12.4,132.6,0.9,0,18.5
DJ Chark Jr.,ATL,WR143,0,0,0,9.4,128.4,0.9,0,18.4
Ty Chandler,MIN,RB100,18.9,96.3,0.7,5.5,38.8,0.1,0,18.3
Jake Briningstool,KC,TE63,0,0,0,12,121,1,0,18.1
Cam Akers,NO,RB101,36.1,113.4,0.6,3,20.4,0.1,0,18
Payne Durham,TB,TE64,0,0,0,11,107.1,1.2,0,17.9
Julian Hill,MIA,TE65,0,0,0,14.3,130.1,0.9,0.4,17.9
Arian Smith,NYJ,WR144,0,3.5,0,11.2,134.3,0.7,0,17.8
Jha'Quan Jackson,TEN,WR145,0,1.7,0,11.4,138.2,0.8,0.5,17.7
Jelani Woods,IND,TE66,0,0,0,7,117,1,0,17.7
Savion Williams,GB,WR146,4.4,16.4,0.1,9.1,104.8,0.8,0,17.5
Elijah Higgins,ARI,TE67,0,0,0,11.4,110.3,1.1,0,17.4
Quez Watkins,ARI,WR147,0,0,0,10.6,127.3,0.8,0,17.4
Mack Hollins,NE,WR148,0,1.7,0,9.2,115.5,0.9,0.1,17.1
Darnell Washington,PIT,TE68,0,0,0,12.5,125.8,0.7,0,16.9
Johnny Mundt,JAC,TE69,0,0,0,13.4,118.2,0.8,0,16.8
Erik Ezukanma,MIA,WR149,0,0,0,10.8,121,0.8,0,16.8
Xavier Restrepo,TEN,WR150,0,2,0,10,105,1,0,16.7
Nate Adkins,DEN,TE70,0,0,0,8.5,69.8,1.6,0,16.5
Grant Calcaterra,PHI,TE71,0,0,0,10.4,109.2,0.9,0,16
Kalel Mullings,TEN,RB102,10.4,96.5,0.6,3,21.8,0,0,15.8
Colby Parkinson,LAR,TE72,0,0,0,10.6,106.9,0.9,0,15.8
Connor Heyward,PIT,TE73,0,0,0,10.2,87.7,1.2,0,15.7
Damien Martinez,SEA,RB103,8.6,97,0.6,3,22,0,0,15.7
Dameon Pierce,HOU,RB104,4.5,81.6,0.7,5.8,40.1,0.1,1,15.4
KhaDarel Hodge,ATL,WR151,0,0,0,8.8,113.8,0.6,0.1,15.1
DeAndre Carter,CLE,WR152,0,2,0,10.9,128.5,0.5,0.5,15
Patrick Taylor Jr.,SF,RB105,29.1,89.6,0.4,2.9,21.5,0.2,0,14.5
Tylan Wallace,BAL,WR153,0,1.7,0,6.7,90,0.9,0,14.3
Alec Ingold,MIA,RB106,11,21.9,0.8,7.4,53.7,0.4,0.4,14
Tyler Goodson,IND,RB107,16.5,67,0.3,4.3,30.3,0.3,0,13.7
Drew Ogletree,IND,TE74,0,0,0,6.9,86.9,0.8,0,13.7
Rasheen Ali,BAL,RB108,5.2,80.8,0.6,2.4,17.7,0.1,0,13.6
Raheem Blackshear,CAR,RB109,30.4,86.8,0.5,2.8,20.6,0.1,0.5,13.2
Simi Fehoko,ARI,WR154,0,0,0,7.6,91.5,0.7,0,13.1
Jeremy McNichols,WAS,RB110,19.7,73.6,0.7,2.4,12.3,0,0,13.1
Drew Sample,CIN,TE75,0,0,0,10.4,85,0.8,0,13
Michael Burton,DEN,RB111,6.7,14.6,0.6,7.1,45.6,0.6,0,13
Jase McClellan,TB,RB112,30.7,82,0.4,3,20.9,0.1,0,13
Jamal Agnew,ATL,WR155,0,0,0,8.5,86.1,0.7,0,12.9
Olamide Zaccheaus,CHI,WR156,1.1,6,0,7.6,85.1,0.6,0,12.7
Craig Reynolds,DET,RB113,8.5,38,0.1,7,55.9,0.4,0,12.4
Travis Homer,CHI,RB114,22.2,71.6,0.3,3.3,25,0.1,0,12.3
Ronnie Rivers,LAR,RB115,31.7,90.4,0.5,0.3,2.3,0,0,12.2
Pharaoh Brown,MIA,TE76,0,0,0,10.1,93.4,0.5,0,12.1
Cedrick Wilson Jr.,NO,WR157,0,2,0,7.9,88.4,0.5,0,12.1
Teagan Quitoriano,ATL,TE77,0,0,0,5.5,89.5,0.5,0,12
Lawrence Cager,WAS,WR158,0,0,0,5.5,57,1,0,11.7
Hunter Renfrow,CAR,WR159,0,0,0,9.3,90.1,0.4,0,11.5
KeAndre Lambert-Smith,LAC,WR160,0,3,0,5.9,77.7,0.6,0,11.4
Tim Jones,MIN,WR161,0,0,0,7.1,77.1,0.6,0.1,11.4
C.J. Ham,MIN,RB116,3,13.6,1,5.3,34.8,0.1,0,11.3
Michael Carter,ARI,RB117,9.6,41.2,0.2,6.6,44.9,0.3,0,11.3
Gavin Bartholomew,MIN,TE78,0,0,0,7,75,0.6,0,11
Pierre Strong Jr.,CLE,RB118,16.5,55.8,0.2,4.4,33.1,0.1,0,10.8
Brevyn Spann-Ford,DAL,TE79,0,0,0,7.3,71.1,0.6,0,10.8
Devontez Walker,BAL,WR162,0,1.7,0,4.9,68.5,0.6,0,10.8
Bo Melton,GB,WR163,0,0,0,6.2,73.9,0.6,0,10.8
LeQuint Allen Jr.,JAC,RB119,4,50.9,0.6,3,22,0,0,10.6
Ben Skowronek,PIT,WR164,0,0,0,6.5,72.3,0.5,0,10.3
Devin Culp,TB,TE80,0,0,0,6.3,68.1,0.6,0,10.3
Lucas Krull,DEN,TE81,0,0,0,8.3,79.8,0.4,0,10.3
Carson Steele,KC,RB120,27.3,70.3,0.3,4.1,22,0.1,0.7,10.2
Quintin Morris,JAC,TE82,0,0,0,7.8,69.5,0.5,0,10
Charlie Kolar,BAL,TE83,0,1,0,5.7,71.7,0.4,0,9.9
Jordan Mims,TEN,RB121,14.8,62.1,0.3,2,14.1,0.1,0,9.9
Tanner McLachlan,CIN,TE84,0,0,0,7,68.5,0.5,0,9.9
Jaheim Bell,NE,TE85,0,0,0,6.7,67.5,0.5,0,9.8
Hunter Long,JAC,TE86,0,0,0,8.4,75.9,0.4,0,9.7
Giovanni Ricci,MIN,TE87,0,0,0,8,96,0,0,9.6
Brenden Bates,CLE,TE88,0,0,0,6.5,61.4,0.5,0,9.4
Maurice Alexander,CHI,WR165,0,0,0,6.3,68.1,0.4,0,9.3
John Bates,WAS,TE89,0,0,0,5.9,54.9,0.6,0,9.3
Tanner Conner,MIA,TE90,0,0,0,7,58.3,0.6,0,9.3
Samori Toure,CHI,WR166,0,0,0,6.1,67.6,0.4,0,9.2
Israel Abanikanda,GB,RB122,13.3,54.8,0.4,1.3,10.7,0.1,0,9.2
Kenny Yeboah,DET,TE91,0,0,0,6,61.5,0.5,0,9.2
Luke Farrell,SF,TE92,0,0,0,6.6,64.6,0.4,0,9.1
David Moore,CAR,WR167,0,0,0,5.8,72.3,0.3,0,9
Xavier Weaver,ARI,WR168,0,0,0,5.2,61.3,0.5,0,9
Malik Heath,GB,WR169,0,0,0,5.5,62.2,0.5,0,8.9
Hassan Haskins,LAC,RB123,15.5,35,0.3,1.3,13.7,0.3,0,8.9
Tommy Mellott,LV,QB1,4,24.1,0.2,3.7,43.6,0.2,0,8.8
Luke Lachey,HOU,TE93,0,0,0,5.5,56.5,0.5,0,8.7
Travis Vokolek,ARI,TE94,0,0,0,5.5,55.5,0.5,0,8.6
Tip Reiman,ARI,TE95,0,0,0,6.6,60.3,0.4,0,8.5
Dante Pettis,NO,WR170,2.1,9.7,0,5.5,62.9,0.2,0,8.5
Ian Thomas,LV,TE96,0,0,0,6.6,58.9,0.4,0,8.3
Stone Smartt,NYJ,TE97,0,0,0,5.5,66.7,0.4,0.3,8.2
Johnny Wilson,PHI,WR171,0,0,0,4.4,55.4,0.4,0,8.1
Moliki Matavao,NO,TE98,0,0,0,5,51,0.5,0,8.1
Cam Grandy,CIN,TE99,0,0,0,6.2,54,0.4,0,8.1
Thomas Fidone II,NYG,TE100,0,0,0,5.5,50.5,0.5,0,8.1
Dare Ogunbowale,HOU,RB124,5.2,24.9,0.1,5.3,40.6,0.2,0,8
Jackson Hawes,BUF,TE101,0,0,0,5.3,56.8,0.4,0,8
Julius Chestnut,TEN,RB125,9.9,30.3,0.1,4.4,31.6,0.2,0,7.9
Frank Gore Jr.,BUF,RB126,10.2,42.8,0.2,2,14.9,0.1,0,7.7
Jared Wiley,KC,TE102,0,0,0,5.4,53.4,0.4,0,7.7
Ross Dwelley,SF,TE103,0,0,0,4,56.7,0.3,0,7.7
Justin Watson,HOU,WR172,0,0,0,4.4,60.1,0.3,0,7.7
Derius Davis,LAC,WR173,10.5,35.4,0.2,2.8,31.2,0.1,0.6,7.5
Patrick Ricard,BAL,RB127,4.1,11.5,0.1,3.4,28,0.5,0,7.5
Rondale Moore,MIN,WR174,0,5.5,0,5.1,46.9,0.4,0,7.3
Greg Dulcich,NYG,TE104,0,0,0,5,52.5,0.3,0,7.3
Deuce Vaughn,DAL,RB128,9,35.4,0.1,3.1,21.2,0.1,0,7
Gary Brightwell,CIN,RB129,8.1,33.8,0.2,2.4,16.7,0.1,0,6.8
Eric Saubert,SEA,TE105,0,0,0,5.2,49.9,0.3,0,6.6
Chris Manhertz,NYG,TE106,0,0,0,4.9,43.3,0.4,0,6.6
Jonathan Mingo,DAL,WR175,0,0,0,4.5,53.1,0.2,0,6.5
Charlie Jones,CIN,WR176,0,1.7,0,4,46.4,0.3,0,6.4
Robert Tonyan,KC,TE107,0,0,0,4.7,43.3,0.3,0,6.3
Kendric Pryor,CIN,WR177,0,0,0,3.9,41.8,0.3,0,6.2
Trishton Jackson,ARI,WR178,0,0,0,3.4,40.6,0.3,0,6.1
Jordan Watkins,SF,WR179,4.4,15.8,0.1,2.6,33.4,0.1,0,6.1
Eric Gray,NYG,RB130,11.9,42.7,0.2,1.9,14.4,0.1,0.5,6
Jashaun Corbin,ATL,RB131,9.3,35.1,0.2,1.5,10.6,0,0,5.7
Dareke Young,SEA,WR180,0,0,0,3.4,39.8,0.2,0,5.4
Cody White,SEA,WR181,0,0,0,3.4,39.8,0.2,0,5.4
Jalen Brooks,DAL,WR182,0,0,0,3.4,38.7,0.2,0,5.3
John Metchie III,HOU,WR183,0,0,0,3.5,39.4,0.2,0,5.2
Mo Alie-Cox,IND,TE108,0,0,0,3.1,37,0.3,0,5.2
Will Mallory,IND,TE109,0,0,0,3.1,33.8,0.3,0,5.1
Bryce Oliver,TEN,WR184,0,0,0,3.4,38.2,0.2,0,5.1
Sterling Shepard,TB,WR185,0,3.7,0,3.4,34.4,0.2,0,5.1
Davis Allen,LAR,TE110,0,0,0,4.1,38.4,0.2,0,5.1
Hunter Luepke,DAL,RB132,4.2,14.6,0.1,3.9,27.9,0.1,0,5
Irv Smith Jr.,HOU,TE111,0,0,0,4,33.8,0.3,0,5
Austin Trammell,JAC,WR186,0,0,0,3.4,40.1,0.2,0,5
Xavier Gipson,NYJ,WR187,0,2.5,0,4.2,54.3,0,0.5,4.9
Darrynton Evans,BUF,RB133,5.1,21.3,0.1,1.9,15.3,0.1,0,4.9
Britain Covey,LAR,WR188,2.2,13.7,0.1,1.8,21,0.1,0,4.8
Chris Blair,ATL,WR189,0,0,0,3.2,34.8,0.2,0,4.8
Dee Eskridge,MIA,WR190,0,1.7,0,3,32.9,0.2,0,4.7
Jamari Thrash,CLE,WR191,0,0,0,3.5,40.5,0.1,0,4.6
Dominique Dafney,CAR,TE112,0,0,0,3.6,34.6,0.2,0,4.5
DeeJay Dallas,ARI,RB134,5.8,22.2,0.1,3.2,21.4,0.1,0.5,4.4
Lil'Jordan Humphrey,NYG,WR192,0,0,0,4,44,0,0,4.4
Kylen Granson,PHI,TE113,0,0,0,3.1,33.4,0.2,0,4.3
Brycen Tremayne,CAR,WR193,0,0,0,3,33,0.2,0,4.3
Mitchell Evans,CAR,TE114,0,0,0,4,39.7,0.1,0,4.3
Scotty Miller,PIT,WR194,0,0,0,3.1,37.4,0.1,0,4.2
J.J. Taylor,HOU,RB135,0,0,0,4.2,28,0.2,0,4.1
David Bell,CLE,WR195,0,0,0,3.9,38.8,0,0,4
Durham Smythe,CHI,TE115,0,0,0,3.6,32.2,0.1,0,4
Trey Sermon,PIT,RB136,5,20.8,0.1,1.6,11.5,0.1,0,3.9
Tyler Scott,CHI,WR196,0,1.7,0,2.7,29.4,0.1,0,3.9
Devin Duvernay,CHI,WR197,0,2,0,3.5,34.5,0.2,0.5,3.8
Mecole Hardman Jr.,GB,WR198,0,2,0,3,33.6,0.2,0.5,3.8
Tanner Hudson,CIN,TE116,0,0,0,3,27.7,0.2,0,3.7
Zonovan Knight,ARI,RB137,2.4,10.1,0.1,2.1,15.3,0.1,0,3.6
Nick Nash,ATL,WR199,0,0,0,3,35,0,0,3.5
Elijah Dotson,ATL,RB138,2.6,10.9,0.1,2,13.9,0.1,0,3.5
Velus Jones Jr.,NO,WR200,2.4,10.5,0.1,1.9,13.5,0.1,0,3.4
Terrell Jennings,NE,RB139,2.4,10.1,0.1,1.9,14.6,0.1,0,3.3
Ainias Smith,PHI,WR201,0,0,0,2.2,24.7,0.1,0,3.3
Tucker Fisk,LAC,TE117,0,0,0,2.6,25.6,0.1,0,3.2
Isaiah Williams,CIN,WR202,0,0,0,1.9,20.7,0.2,0,3.1
Erick All Jr.,CIN,TE118,0,0,0,2.4,20.4,0.2,0,3.1
Jacob Cowing,SF,WR203,0,8.5,0,1.1,15.6,0.1,0,2.9
Zach Davidson,BUF,TE119,0,0,0,1.9,19,0.2,0,2.9
Ryan Flournoy,DAL,WR204,0,0,0,1.9,20.7,0.1,0,2.9
Laviska Shenault Jr.,BUF,WR205,0,0,0,1.8,19.5,0.1,0,2.7
Jack Stoll,NO,TE120,0,0,0,2.5,23.7,0,0,2.6
Ashton Dulin,IND,WR206,0,1.7,0,1.6,19.6,0.1,0,2.6
David Martin-Robinson,TEN,TE121,0,0,0,1.9,18.6,0.1,0,2.6
Trent Sherfield Sr.,DEN,WR207,0,0,0,1.8,20.9,0.1,0,2.6
Feleipe Franks,ATL,QB2,0,0,0,1.8,17.7,0.1,0,2.5
Anthony Gould,IND,WR208,0,2.5,0,1.7,19.9,0,0,2.5
Steven Sims Jr.,SEA,WR209,0,0,0,1.7,17.9,0.1,0,2.5
Tank Dell,HOU,WR210,0,0,0,2,24,0,0,2.4
Isaiah Neyor,GB,WR211,0,0,0,2,24,0,0,2.4
Blake Whiteheart,CLE,TE122,0,0,0,1.9,18.1,0.1,0,2.4
Miles Boykin,CHI,WR212,0,0,0,1.6,17.9,0.1,0,2.3
Tez Johnson,TB,WR213,0,0,0,1.6,19.7,0.1,0,2.3
Zach Pascal,NYG,WR214,0,0,0,1.5,17.7,0.1,0,2.3
James Mitchell,CAR,TE123,0,0,0,1.8,17.4,0.1,0,2.3
Dylan Laube,LV,RB140,0,10,0,1.5,11,0,0,2.1
Carlos Washington Jr.,ATL,RB141,0,15,0,0.5,3.5,0,0,1.9
Scott Matlock,LAC,DT1,0,0,0,2.2,14.7,0.1,0,1.8
Raheim Sanders,LAC,RB142,0,10.5,0,1,7.5,0,0,1.8
Jimmy Horn Jr.,CAR,WR215,0,0,0,1.5,18,0,0,1.8
Tyquan Thornton,KC,WR216,0,0,0,1,16,0,0,1.6
Trey Palmer,TB,WR217,0,0,0,0.9,9.8,0.1,0,1.5
Nikko Remigio,KC,WR218,0,0,0,0.8,10.2,0.1,0,1.4
Tyler Badie,DEN,RB143,0,10.5,0,0.5,3.5,0,0,1.4
Phil Mafah,DAL,RB144,0,10.5,0,0.5,3.5,0,0,1.4
Jeff Wilson Jr.,SF,RB145,0,10.5,0,0.5,3.5,0,0,1.4
Trayveon Williams,CLE,RB146,1.2,5.1,0,1,7,0,0,1.4
Braxton Berrios,HOU,WR219,0,2.5,0,1,10.5,0,0,1.3
Avery Williams,PHI,RB147,1.4,5.7,0,1.9,13.2,0.1,0.5,1.2
George Holani,SEA,RB148,0,8.5,0,0.5,3.5,0,0,1.2
D'Ernest Johnson,BAL,RB149,0,8.5,0,0.5,3.5,0,0,1.2
LaJohntay Wester,BAL,WR220,0,0,0,1,12,0,0,1.2
Nick Vannett,MIN,TE124,0,0,0,1,10,0,0,1
Keilan Robinson,PHI,RB150,0,2,0,1,7,0,0,0.9
Sione Vaki,DET,RB151,0,4.5,0,0.5,3.5,0,0,0.8
JaMycal Hasty,NE,RB152,0,4,0,0.5,3.5,0,0,0.8
Chris Moore,WAS,WR221,0,0,0,0.5,7,0,0,0.7
Harrison Bryant,PHI,TE125,0,0,0,0.5,5.5,0,0,0.6
Ihmir Smith-Marsette,NYG,WR222,0,2.5,0,0.8,9.5,0.1,0.5,0.5
Trenton Irwin,JAC,WR223,0,5,0,0,0,0,0,0.5

Xavier Smith,LAR,WR224,0,2.5,0,1,11,0,0.5,0.4
